From	Entry	Reviewed	Entry Name	Protein names	Gene Names	Organism	Length	PDB	Sequence	EC number
KHSE_ECOLI	P00547	reviewed	KHSE_ECOLI	Homoserine kinase (HK) (HSK) (EC 2.7.1.39)	thrB b0003 JW0002	Escherichia coli (strain K12)	310		MVKVYAPASSANMSVGFDVLGAAVTPVDGALLGDVVTVEAAETFSLNNLGRFADKLPSEPRENIVYQCWERFCQELGKQIPVAMTLEKNMPIGSGLGSSACSVVAALMAMNEHCGKPLNDTRLLALMGELEGRISGSIHYDNVAPCFLGGMQLMIEENDIISQQVPGFDEWLWVLAYPGIKVSTAEARAILPAQYRRQDCIAHGRHLAGFIHACYSRQPELAAKLMKDVIAEPYRERLLPGFRQARQAVAEIGAVASGISGSGPTLFALCDKPETAQRVADWLGKNYLQNQEGFVHICRLDTAGARVLEN	2.7.1.39
HXKA_YEAST	P04806	reviewed	HXKA_YEAST	Hexokinase-1 (EC 2.7.1.1) (Hexokinase PI) (Hexokinase-A)	HXK1 HKA YFR053C	Saccharomyces cerevisiae (strain ATCC 204508 / S288c) (Baker's yeast)	485	1HKG;3B8A;	MVHLGPKKPQARKGSMADVPKELMDEIHQLEDMFTVDSETLRKVVKHFIDELNKGLTKKGGNIPMIPGWVMEFPTGKESGNYLAIDLGGTNLRVVLVKLSGNHTFDTTQSKYKLPHDMRTTKHQEELWSFIADSLKDFMVEQELLNTKDTLPLGFTFSYPASQNKINEGILQRWTKGFDIPNVEGHDVVPLLQNEISKRELPIEIVALINDTVGTLIASYYTDPETKMGVIFGTGVNGAFYDVVSDIEKLEGKLADDIPSNSPMAINCEYGSFDNEHLVLPRTKYDVAVDEQSPRPGQQAFEKMTSGYYLGELLRLVLLELNEKGLMLKDQDLSKLKQPYIMDTSYPARIEDDPFENLEDTDDIFQKDFGVKTTLPERKLIRRLCELIGTRAARLAVCGIAAICQKRGYKTGHIAADGSVYNKYPGFKEAAAKGLRDIYGWTGDASKDPITIVPAEDGSGAGAAVIAALSEKRIAEGKSLGIIGA	2.7.1.1
HXKB_YEAST	P04807	reviewed	HXKB_YEAST	Hexokinase-2 (EC 2.7.1.1) (Hexokinase PII) (Hexokinase-B)	HXK2 HEX1 HKB YGL253W NRB486	Saccharomyces cerevisiae (strain ATCC 204508 / S288c) (Baker's yeast)	486	1IG8;2YHX;5UWT;	MVHLGPKKPQARKGSMADVPKELMQQIENFEKIFTVPTETLQAVTKHFISELEKGLSKKGGNIPMIPGWVMDFPTGKESGDFLAIDLGGTNLRVVLVKLGGDRTFDTTQSKYRLPDAMRTTQNPDELWEFIADSLKAFIDEQFPQGISEPIPLGFTFSFPASQNKINEGILQRWTKGFDIPNIENHDVVPMLQKQITKRNIPIEVVALINDTTGTLVASYYTDPETKMGVIFGTGVNGAYYDVCSDIEKLQGKLSDDIPPSAPMAINCEYGSFDNEHVVLPRTKYDITIDEESPRPGQQTFEKMSSGYYLGEILRLALMDMYKQGFIFKNQDLSKFDKPFVMDTSYPARIEEDPFENLEDTDDLFQNEFGINTTVQERKLIRRLSELIGARAARLSVCGIAAICQKRGYKTGHIAADGSVYNRYPGFKEKAANALKDIYGWTQTSLDDYPIKIVPAEDGSGAGAAVIAALAQKRIAEGKSVGIIGA	2.7.1.1
KHSE_BACSU	P04948	reviewed	KHSE_BACSU	Homoserine kinase (HK) (HSK) (EC 2.7.1.39)	thrB BSU32240	Bacillus subtilis (strain 168)	309		MNEADMLFSVTVPGSTANLGPGFDSVGMALSRYLKLTVFESDKWSFEAETETVAGIPAGTDNLIYQVAKRTADLYGKEMPPVHVKVWSDIPLARGLGSSAAAIVAAIELADELCGLKLSEADKLHLASLEEGHPDNAGASLVGGLVIGLHEDDETQMIRVPNADIDVVVVIPFYEVLTRDARDVLPKEFPYADAVKASAVSNILIAAIMSKDWPLVGKIMKKDMFHQPYRAMLVPELSKVEHVAEMKGAYGTALSGAGPTILVMTEKGKGEELKEQLALHFPHCEVDALTVPKEGSIIERNPLYQVKSV	2.7.1.39
KHSE_CORGL	P07128	reviewed	KHSE_CORGL	Homoserine kinase (HK) (HSK) (EC 2.7.1.39)	thrB Cgl1184 cg1338	Corynebacterium glutamicum (strain ATCC 13032 / DSM 20300 / BCRC 11384 / JCM 1318 / LMG 3730 / NCIMB 10025)	309	5WAT;	MAIELNVGRKVTVTVPGSSANLGPGFDTLGLALSVYDTVEVEIIPSGLEVEVFGEGQGEVPLDGSHLVVKAIRAGLKAADAEVPGLRVVCHNNIPQSRGLGSSAAAAVAGVAAANGLADFPLTQEQIVQLSSAFEGHPDNAAASVLGGAVVSWTNLSIDGKSQPQYAAVPLEVQDNIRATALVPNFHASTEAVRRVLPTEVTHIDARFNVSRVAVMIVALQQRPDLLWEGTRDRLHQPYRAEVLPITSEWVNRLRNRGYAAYLSGAGPTAMVLSTEPIPDKVLEDARESGIKVLELEVAGPVKVEVNQP	2.7.1.39
GLPK_ECOLI	P0A6F3	reviewed	GLPK_ECOLI	Glycerol kinase (EC 2.7.1.30) (ATP:glycerol 3-phosphotransferase) (Glycerokinase) (GK)	glpK b3926 JW3897	Escherichia coli (strain K12)	502	1BO5;1BOT;1BU6;1BWF;1GLA;1GLB;1GLC;1GLD;1GLE;1GLF;1GLJ;1GLL;3EZW;	MTEKKYIVALDQGTTSSRAVVMDHDANIISVSQREFEQIYPKPGWVEHDPMEIWATQSSTLVEVLAKADISSDQIAAIGITNQRETTIVWEKETGKPIYNAIVWQCRRTAEICEHLKRDGLEDYIRSNTGLVIDPYFSGTKVKWILDHVEGSRERARRGELLFGTVDTWLIWKMTQGRVHVTDYTNASRTMLFNIHTLDWDDKMLEVLDIPREMLPEVRRSSEVYGQTNIGGKGGTRIPISGIAGDQQAALFGQLCVKEGMAKNTYGTGCFMLMNTGEKAVKSENGLLTTIACGPTGEVNYALEGAVFMAGASIQWLRDEMKLINDAYDSEYFATKVQNTNGVYVVPAFTGLGAPYWDPYARGAIFGLTRGVNANHIIRATLESIAYQTRDVLEAMQADSGIRLHALRVDGGAVANNFLMQFQSDILGTRVERPEVREVTALGAAYLAGLAVGFWQNLDELQEKAVIEREFRPGIETTERNYRYAGWKKAVKRAMAWEEHDE	2.7.1.30
GAL1_ECOLI	P0A6T3	reviewed	GAL1_ECOLI	Galactokinase (EC 2.7.1.6) (Galactose kinase)	galK galA b0757 JW0740	Escherichia coli (strain K12)	382		MSLKEKTQSLFANAFGYPATHTIQAPGRVNLIGEHTDYNDGFVLPCAIDYQTVISCAPRDDRKVRVMAADYENQLDEFSLDAPIVAHENYQWANYVRGVVKHLQLRNNSFGGVDMVISGNVPQGAGLSSSASLEVAVGTVLQQLYHLPLDGAQIALNGQEAENQFVGCNCGIMDQLISALGKKDHALLIDCRSLGTKAVSMPKGVAVVIINSNFKRTLVGSEYNTRREQCETGARFFQQPALRDVTIEEFNAVAHELDPIVAKRVRHILTENARTVEAASALEQGDLKRMGELMAESHASMRDDFEITVPQIDTLVEIVKAVIGDKGGVRMTGGGFGGCIVALIPEELVPAVQQAVAEQYEAKTGIKETFYVCKPSQGAGQC	2.7.1.6
RBSK_ECOLI	P0A9J6	reviewed	RBSK_ECOLI	Ribokinase (RK) (EC 2.7.1.15)	rbsK b3752 JW3731	Escherichia coli (strain K12)	309	1GQT;1RK2;1RKA;1RKD;1RKS;	MQNAGSLVVLGSINADHILNLQSFPTPGETVTGNHYQVAFGGKGANQAVAAGRSGANIAFIACTGDDSIGESVRQQLATDNIDITPVSVIKGESTGVALIFVNGEGENVIGIHAGANAALSPALVEAQRERIANASALLMQLESPLESVMAAAKIAHQNKTIVALNPAPARELPDELLALVDIITPNETEAEKLTGIRVENDEDAAKAAQVLHEKGIRTVLITLGSRGVWASVNGEGQRVPGFRVQAVDTIAAGDTFNGALITALLEEKPLPEAIRFAHAAAAIAVTRKGAQPSVPWREEIDAFLDRQR	2.7.1.15
INGK_ECOLI	P0AEW6	reviewed	INGK_ECOLI	Guanosine-inosine kinase (EC 2.7.1.73)	gsk b0477 JW0466	Escherichia coli (strain K12)	434	6VWO;6VWP;	MKFPGKRKSKHYFPVNARDPLLQQFQPENETSAAWVVGIDQTLVDIEAKVDDEFIERYGLSAGHSLVIEDDVAEALYQELKQKNLITHQFAGGTIGNTMHNYSVLADDRSVLLGVMCSNIEIGSYAYRYLCNTSSRTDLNYLQGVDGPIGRCFTLIGESGERTFAISPGHMNQLRAESIPEDVIAGASALVLTSYLVRCKPGEPMPEATMKAIEYAKKYNVPVVLTLGTKFVIAENPQWWQQFLKDHVSILAMNEDEAEALTGESDPLLASDKALDWVDLVLCTAGPIGLYMAGFTEDEAKRKTQHPLLPGAIAEFNQYEFSRAMRHKDCQNPLRVYSHIAPYMGGPEKIMNTNGAGDGALAALLHDITANSYHRSNVPNSSKHKFTWLTYSSLAQVCKYANRVSYQVLNQHSPRLTRGLPEREDSLEESYWDR	2.7.1.73
K1PF_ECOLI	P0AEW9	reviewed	K1PF_ECOLI	1-phosphofructokinase (EC 2.7.1.56) (Fructose 1-phosphate kinase) (Fru1PK)	fruK fpk b2168 JW2155	Escherichia coli (strain K12)	312		MSRRVATITLNPAYDLVGFCPEIERGEVNLVKTTGLHAAGKGINVAKVLKDLGIDVTVGGFLGKDNQDGFQQLFSELGIANRFQVVQGRTRINVKLTEKDGEVTDFNFSGFEVTPADWERFVTDSLSWLGQFDMVCVSGSLPSGVSPEAFTDWMTRLRSQCPCIIFDSSREALVAGLKAAPWLVKPNRRELEIWAGRKLPEMKDVIEAAHALREQGIAHVVISLGAEGALWVNASGEWIAKPPSVDVVSTVGAGDSMVGGLIYGLLMRESSEHTLRLATAVAALAVSQSNVGITDRPQLAAMMARVDLQPFN	2.7.1.56
FUCK_ECOLI	P11553	reviewed	FUCK_ECOLI	L-fuculokinase (EC 2.7.1.51) (L-fuculose kinase)	fucK b2803 JW2774	Escherichia coli (strain K12)	472		MKQEVILVLDCGATNVRAIAVNRQGKIVARASTPNASDIAMENNTWHQWSLDAILQRFADCCRQINSELTECHIRGIAVTTFGVDGALVDKQGNLLYPIISWKCPRTAAVMDNIERLISAQRLQAISGVGAFSFNTLYKLVWLKENHPQLLERAHAWLFISSLINHRLTGEFTTDITMAGTSQMLDIQQRDFSPQILQATGIPRRLFPRLVEAGEQIGTLQNSAAAMLGLPVGIPVISAGHDTQFALFGAGAEQNEPVLSSGTWEILMVRSAQVDTSLLSQYAGSTCELDSQAGLYNPGMQWLASGVLEWVRKLFWTAETPWQMLIEEARLIAPGADGVKMQCDLLSCQNAGWQGVTLNTTRGHFYRAALEGLTAQLQRNLQMLEKIGHFKASELLLVGGGSRNTLWNQIKANMLDIPVKVLDDAETTVAGAALFGWYGVGEFNSPEEARAQIHYQYRYFYPQTEPEFIEEV	2.7.1.51
GNTK_BACSU	P12011	reviewed	GNTK_BACSU	Gluconokinase (EC 2.7.1.12) (Gluconate kinase)	gntK BSU40060	Bacillus subtilis (strain 168)	513		MTSYMLGIDIGTTSTKAVLFSENGDVVQKESIGYPLYTPDISTAEQNPEEIFQAVIHTTARITKQHPEKRISFISFSSAMHSVIAIDENDKPLTPCITWADNRSEGWAHKIKEELNGHEVYKRTGTPIHPMAPLSKIAWITNERKEIASKAKKYIGIKEYIFKQLFNEYVIDYSLASATGMMNLKGLDWDEEALRIAGITPDHLSKLVPTTEIFQHCSPEIAIQMGIDPETPFVIGASDGVLSNLGVNAIKKGEIAVTIGTSGAIRTIIDKPQTDEKGRIFCYALTDKHWVIGGPVNNGGIVLRWIRDEFASSEIETATRLGIDPYDVLTKIAQRVRPGSDGLLFHPYLAGERAPLWNPDVRGSFFGLTMSHKKEHMIRAALEGVIYNLYTVFLALTECMDGPVTRIQATGGFARSEVWRQMMSDIFESEVVVPESYESSCLGACILGLYATGKIDSFDAVSDMIGSTYRHTPIEDSAKEYRTLMPIFINLSRLLENQYTQIADYQRGLITHK	2.7.1.12
GAL1_STRLI	P13227	reviewed	GAL1_STRLI	Galactokinase (EC 2.7.1.6) (Galactose kinase)	galK	Streptomyces lividans	397		MGEAVGEPSASGSGSCTGRSRRGCGRRAGRENLIGEHTDYNDGFVMPSALPHQVAAVSRRERRILRLHSADVDADPVELRVADLAPASDKSWTAYPSGVLWALREAGHELTGADVHLASTVPSGAGLSSSAALEVRPLAMNDLYALALRGWQLARLCQRAENVYVGAPVGIMDQTASACCRGGHALFLDTRDLSQRQIPFDLAAEGMRLLVVDTRVKHSHSEGEYGKRRAGCEKGAALLGVDALCDVPYADLDAALERLGDEEEVRRLVRHVVTEDERVERVVALLESGDTRRIGAVLVEGHASLRDDFRISCPELDLVVDTALASAALGRRMTGGGFGGSAIVLVEAAAVDAVTKAVEDAFAAAGLKRPRVFEAVPRRGAAPGLTVSRAASPACTP	2.7.1.6
KIME_RAT	P17256	reviewed	KIME_RAT	Mevalonate kinase (MK) (EC 2.7.1.36)	Mvk	Rattus norvegicus (Rat)	395	1KVK;2R42;	MLSEVLLVSAPGKVILHGEHAVVHGKVALAVALNLRTFLVLRPQSNGKVSLNLPNVGIKQVWDVATLQLLDTGFLEQGDVPAPTLEQLEKLKKVAGLPRDCVGNEGLSLLAFLYLYLAICRKQRTLPSLDIMVWSELPPGAGLGSSAAYSVCVAAALLTACEEVTNPLKDRGSIGSWPEEDLKSINKWAYEGERVIHGNPSGVDNSVSTWGGALRYQQGKMSSLKRLPALQILLTNTKVPRSTKALVAGVRSRLIKFPEIMAPLLTSIDAISLECERVLGEMAAAPVPEQYLVLEELMDMNQHHLNALGVGHASLDQLCQVTAAHGLHSKLTGAGGGGCGITLLKPGLERAKVEAAKQALTGCGFDCWETSIGAPGVSMHSATSIEDPVRQALGL	2.7.1.36
KHSE_YEAST	P17423	reviewed	KHSE_YEAST	Homoserine kinase (HK) (HSK) (EC 2.7.1.39)	THR1 YHR025W	Saccharomyces cerevisiae (strain ATCC 204508 / S288c) (Baker's yeast)	357		MVRAFKIKVPASSANIGPGYDVLGVGLSLFLELDVTIDSSQAQETNDDPNNCKLSYTKESEGYSTVPLRSDANLITRTALYVLRCNNIRNFPSGTKVHVSNPIPLGRGLGSSGAAVVAGVILGNEVAQLGFSKQRMLDYCLMIERHPDNITAAMMGGFCGSFLRDLTPQEVERREIPLAEVLPEPSGGEDTGLVPPLPPTDIGRHVKYQWNPAIKCIAIIPQFELSTADSRGVLPKAYPTQDLVFNLQRLAVLTTALTMDPPNADLIYPAMQDRVHQPYRKTLIPGLTEILSCVTPSTYPGLLGICLSGAGPTILALATENFEEISQEIINRFAKNGIKCSWKLLEPAYDGASVEQQ	2.7.1.39
HXKG_YEAST	P17709	reviewed	HXKG_YEAST	Glucokinase-1 (EC 2.7.1.2) (Glucose kinase 1) (GLK-1)	GLK1 HOR3 YCL040W YCL312 YCL40W	Saccharomyces cerevisiae (strain ATCC 204508 / S288c) (Baker's yeast)	500	6P4X;6PDT;	MSFDDLHKATERAVIQAVDQICDDFEVTPEKLDELTAYFIEQMEKGLAPPKEGHTLASDKGLPMIPAFVTGSPNGTERGVLLAADLGGTNFRICSVNLHGDHTFSMEQMKSKIPDDLLDDENVTSDDLFGFLARRTLAFMKKYHPDELAKGKDAKPMKLGFTFSYPVDQTSLNSGTLIRWTKGFRIADTVGKDVVQLYQEQLSAQGMPMIKVVALTNDTVGTYLSHCYTSDNTDSMTSGEISEPVIGCIFGTGTNGCYMEEINKITKLPQELRDKLIKEGKTHMIINVEWGSFDNELKHLPTTKYDVVIDQKLSTNPGFHLFEKRVSGMFLGEVLRNILVDLHSQGLLLQQYRSKEQLPRHLTTPFQLSSEVLSHIEIDDSTGLRETELSLLQSLRLPTTPTERVQIQKLVRAISRRSAYLAAVPLAAILIKTNALNKRYHGEVEIGCDGSVVEYYPGFRSMLRHALALSPLGAEGERKVHLKIAKDGSGVGAALCALVA	2.7.1.2
GLPK_BACSU	P18157	reviewed	GLPK_BACSU	Glycerol kinase (EC 2.7.1.30) (ATP:glycerol 3-phosphotransferase) (Glycerokinase) (GK)	glpK BSU09290	Bacillus subtilis (strain 168)	496		METYILSLDQGTTSSRAILFNKEGKIVHSAQKEFTQYFPHPGWVEHNANEIWGSVLAVIASVISESGISASQIAGIGITNQRETTVVWDKDTGSPVYNAIVWQSRQTSGICEELREKGYNDKFREKTGLLIDPYFSGTKVKWILDNVEGAREKAEKGELLFGTIDTWLIWKMSGGKAHVTDYSNASRTLMFNIYDLKWDDELLDILGVPKSMLPEVKPSSHVYAETVDYHFFGKNIPIAGAAGDQQSALFGQACFEEGMGKNTYGTGCFMLMNTGEKAIKSEHGLLTTIAWGIDGKVNYALEGSIFVAGSAIQWLRDGLRMFQDSSLSESYAEKVDSTDGVYVVPAFVGLGTPYWDSDVRGSVFGLTRGTTKEHFIRATLESLAYQTKDVLDAMEADSNISLKTLRVDGGAVKNNFLMQFQGDLLNVPVERPEINETTALGAAYLAGIAVGFWKDRSEIANQWNLDKRFEPELEEEKRNELYKGWQKAVKAAMAFK	2.7.1.30
SCRK_VIBAL	P22824	reviewed	SCRK_VIBAL	Fructokinase (EC 2.7.1.4)	scrK	Vibrio alginolyticus	307		MNQVWVTGDAVVDLIPESETSLLKCPGGAPANVAVAIARLSGKSAFFGRVGDDPFGRFMQSILDQEGVCTEFLIKDPEQRTSTVVVDLDDQGERSFTFMVKPSADQFMSVEDMGNFKQGDWLHVCSISLANEPSRSSTFEAIKRAKAAGGFISFDPNLRDEVWQDQSEIQAVVMKAVAMADVVKFSEEELLFLTDSTSMAQGLQQIAAMNIALVLVTQGAKGVWRVFESQSELITGQVVSPIDTTGAGDAFVGGLLACLSRHADWKNHPVVSSAIQWANGCGALATTQKGAMTALPTQTELLRFIGQ	2.7.1.4
K1PF_XANCP	P23354	reviewed	K1PF_XANCP	1-phosphofructokinase (EC 2.7.1.56) (Fructose 1-phosphate kinase) (Fru1PK)	fruK XCC2371	Xanthomonas campestris pv. campestris (strain ATCC 33913 / DSM 3586 / NCPPB 528 / LMG 568 / P 25)	318		MSLQAITVTLNPAIDQTIQLDRLQPGAVHRASSVRNDAGGKGINVAACLADWGSQVAALGVLGVGNAGVFEALFRERGITDHCHRVAGDTRTNLKLVEAQVNETTDINLPGLQLGQAHLQGVADHLAPLLRAGLPVVLSGSLPAGLPEDSWAQLQAQASAAGARVLLDTSGAPLVAALAAAPVAMPYAVKPNRHELEAWTGHPLGDHAALTAAAHALIARGIQLVVISMGTEGALFVQRDQQLIARPPRLAQGSSVGAGDAMVAGLAAALLDDATELEQCARLATAFSMCRLESGDARRITPEGVRDAAAAVVIGAVP	2.7.1.56
K1PF_RHOCA	P23386	reviewed	K1PF_RHOCA	1-phosphofructokinase (EC 2.7.1.56) (Fructose 1-phosphate kinase) (Fru1PK)	fruK	Rhodobacter capsulatus (Rhodopseudomonas capsulata)	316		MTLRIATVSLNSAVDQTVTVPGFTADAVNRVAASRIDAGGKGVNVASFLAHVGHGVAVTGLLGAENAALFARHFAATGLVDACQRLPGATRTNVKIVDPLQDQVTDLNFPGIAAGPADLDAVAATLTELLAQGLDWVALCGSLPAGIGAEAYAELAALARKGGARVALDTSGPALGLALAARPDIVKPNVAELGAHLGRTLTGLESVREAARDLAASGVGLVAVSMGAGGAVLVRGAEAVLAIPPATPIASTVGAGDAMVAGLIHAATLGLDLAETARLATAFSLGALGEIGPHLPPPERLAALARTVTVKTLPPV	2.7.1.56
ERG8_YEAST	P24521	reviewed	ERG8_YEAST	Phosphomevalonate kinase (EC 2.7.4.2)	ERG8 YMR220W YM9959.02	Saccharomyces cerevisiae (strain ATCC 204508 / S288c) (Baker's yeast)	451		MSELRAFSAPGKALLAGGYLVLDTKYEAFVVGLSARMHAVAHPYGSLQGSDKFEVRVKSKQFKDGEWLYHISPKSGFIPVSIGGSKNPFIEKVIANVFSYFKPNMDDYCNRNLFVIDIFSDDAYHSQEDSVTEHRGNRRLSFHSHRIEEVPKTGLGSSAGLVTVLTTALASFFVSDLENNVDKYREVIHNLAQVAHCQAQGKIGSGFDVAAAAYGSIRYRRFPPALISNLPDIGSATYGSKLAHLVDEEDWNITIKSNHLPSGLTLWMGDIKNGSETVKLVQKVKNWYDSHMPESLKIYTELDHANSRFMDGLSKLDRLHETHDDYSDQIFESLERNDCTCQKYPEITEVRDAVATIRRSFRKITKESGADIEPPVQTSLLDDCQTLKGVLTCLIPGAGGYDAIAVITKQDVDLRAQTANDKRFSKVQWLDVTQADWGVRKEKDPETYLDK	2.7.4.2
RBSK_YEAST	P25332	reviewed	RBSK_YEAST	Ribokinase (RK) (EC 2.7.1.15)	RBK1 YCR036W YCR36W YCR523	Saccharomyces cerevisiae (strain ATCC 204508 / S288c) (Baker's yeast)	333		MGITVIGSLNYDLDTFTDRLPNAGETFRANHFETHAGGKGLNQAAAIGKLKNPSSRYSVRMIGNVGNDTFGKQLKDTLSDCGVDITHVGTYEGINTGTATILIEEKAGGQNRILIVEGANSKTIYDPKQLCEIFPEGKEEEEYVVFQHEIPDPLSIIKWIHANRPNFQIVYNPSPFKAMPKKDWELVDLLVVNEIEGLQIVESVFDNELVEEIREKIKDDFLGEYRKICELLYEKLMNRKKRGIVVMTLGSRGVLFCSHESPEVQFLPAIQNVSVVDTTGAGDTFLGGLVTQLYQGETLSTAIKFSTLASSLTIQRKGAAESMPLYKDVQKDA	2.7.1.15
SCRK_KLEPN	P26420	reviewed	SCRK_KLEPN	Fructokinase (EC 2.7.1.4)	scrK	Klebsiella pneumoniae	307		MNGKIWVLGDAVVDLLPDGEGRLLQCPGGAPANVAVGVARLGGDSGFIGRVGDDPFGRFMRHTLAQEQVDVNYMRLDAAQRTSTVVVDLDSHGERTFTFMVRPSADLFLQPEDLPPFAAGQWLHVCSIALSAEPSRSTTFAALEAIKRAGGYVSFDPNIRSDLWQDPQDLRDCLDRALALADAIKLSEEELAFISGSDDIVSGIARLNARFQPTLLLVTQGKAGVQAALRGQVSHFPARPVVAVDTTGAGDAFVAGLLAGLAAHGIPDNLAALAPDLALAQTCGALATTAKGAMTALPYKDDLQRSL	2.7.1.4
HXK2_RAT	P27881	reviewed	HXK2_RAT	Hexokinase-2 (EC 2.7.1.1) (Hexokinase type II) (HK II) (Hexokinase-B)	Hk2	Rattus norvegicus (Rat)	917		MIASHMIACLFTELNQNQVQKVDQFLYHMRLSDETLLEISRRFRKEMEKGLGATTHPTAAVKMLPTFVRSTPDGTEHGEFLALDLGGTNFRVLRVRVTDNGLQRVEMENQIYAIPEDIMRGSGTQLFDHIAECLANFMDKLQIKEKKLPLGFTFSFPCHQTKLDESFLVSWTKGFKSSGVEGRDVVDLIRKAIQRRGDFDIDIVAVVNDTVGTMMTCGYDDQNCEIGLIVGTGSNACYMEEMRHIDMVEGDEGRMCINMEWGAFGDDGTLNDIRTEFDREIDMGSLNPGKQLFEKMISGMYMGELVRLILVKMAKAELLFQGKLSPELLTTGSFETKDVSDIEEDKDGIEKAYQILMRLGLNPLQEDCVATHRICQIVSTRSASLCAATLAAVLWRIKENKGEERLRSTIGVDGSVYKKHPHFAKRLHKAVRRLVPDCDVRFLRSEDGSGKGAAMVTAVAYRLADQHRARQKTLESLKLSHEQLLEVKRRMKVEMEQGLSKETHAVAPVKMLPTYVCATPDGTEKGDFLALDLGGTNFRVLLVRVRNGKRRGVEMHNKIYSIPQEVMHGTGEELFDHIVQCIADFLEYMGMKGVSLPLGFTFSFPCQQNSLDQSILLKWTKGFKASGCEGEDVVTLLKEAIHRREEFDLDVVAVVNDTVGTMMTCGYEDPHCEVGLIVGTGSNACYMEEMRNVELVDGEEGRMCVNMEWGAFGDNGCLDDLRTVFDVAVDELSLNPGKQRFEKMISGMYLGEIVRNILIDFTKRGLLFRGRISERLKTRGIFETKFLSQIESDCLALLQVRAILRHLGLESTCDDSIIVKEVCTVVARRAAQLCGAGMAAVVDKIRENRGLDNLKVTVGVDGTLYKLHPHFAKVMHETVRDLAPKCDVSFLESEDGSGKGAALITAVACRIREAGQR	2.7.1.1
HXK3_RAT	P27926	reviewed	HXK3_RAT	Hexokinase-3 (EC 2.7.1.1) (Hexokinase type III) (HK III) (Hexokinase-C)	Hk3	Rattus norvegicus (Rat)	924		MAAIEPSGLHPGERDSSCPQEGIPRPSGSLELAQEYLQQFKVTMTQLQQIQASLLCSMEQALKGQDSPAPSVRMLPTYVRSTPHGTEQGDFLVLELGATGASLRVLWVTLTGTKEHSVETRSQEFVIPQEVILGAGQQLFDFAARCLSEFLDAYPVENQGLKLGFNFSFPCHQTGLDKSTLISWTKGFRCSGVEGQDVVQLLRDAIQRQGTYNIDVVAMVNDTVGTMMGCELGTRPCEVGLIVDTGTNACYMEEARHVAALDEDRGRTCVSIEWGSFYDEEALGPVLTTFDDALDHESLVPGAQRFEKMIGGLYLGELVRLVLVHLSQHGVLFGGCASPALLSQNSILLEHVAKMEDPATGIAHVHTVLQGLGLSPQASDAELVQRVCMAVCTRAAQLCASALAAVLSRLQHSREQQTLHVAVATGGRVFEWHPRFLCILKETVMLLAPECDVSFIPSVDGGGRGVAMVTAVAARLATHRRILEETLAPFQLSLEQLTAVQAQMREAMIRGLQGESSSLRMLPTYVRATPDGSERGDFLALDLGGTNFRVLLVRVAEGSVQITNQVYSIPEYVAQGSGQKLFDHIVDCIVDFQKRQGLSGQSLPLGFTFSFPCKQLGLDQGILLNWTKGFNASGCEGQDVVYLLREAIRRRQAVELNVVAIVNDTVGTMMSCGYDDPCCEMGLIVGTGTNACYMEELRNVASVPGDSGHMCINMEWGAFGDDGSLSMLGTCFDASVDQASINPGKQRFEKMISGMYLGEIVRHILLHLTSLGVLFRGQKTQCLQTRDIFKTKFLSEIESDSLALRQVRAILEDLGLTLTSDDALMVLEVCQAVSRRAAQLCGAGVAAVVEKIRENRGLQELTVSVGVDGTLYKLHPHFSRLVSVTVRKLAPQCTVTFLQSEDGSGKGAALVTRVACRLTQMACV	2.7.1.1
GAL1_LACHE	Q00052	reviewed	GAL1_LACHE	Galactokinase (EC 2.7.1.6) (Galactose kinase)	galK	Lactobacillus helveticus (Lactobacillus suntoryeus)	388		MNKEELLKKYEATSNEKAKDVFFSPGRINVIGEHTDYNGGHVFPAPISLGVYGVYGPRDDKKVRLYSGNVDGDIVEFDIDDTNVEKDEDRFWANYFKGMITYLREKYDGIDHGFNLYIEANLPSGSGLSSSAAIEMLMGIILKDEFNLDVDRVSLAKMGQRTENEFIGLNSGIMDQFACIMGKKNSAIFLDCNTLKYEYLPLALGDYEIIIMATNNPHTLADSAYNNRVAECGRALKKLQQKLDIKALGELDNDTFDEYSYLINDETEIKRARHAVSENQRTLRATQAMKDGDLEKLGRLINASHESLHYDYEVTGKELDTLAEASWKQPGVLGARMIGGGFGGSAIAIVKKSEAENFKKNVGKIYRDAVGYDASFYDAEIVDGTKRI	2.7.1.6
