casp14	gene	length	subunit	species	range	aa
T1025	AtmM	268		Actinomadura melliaura		MTDISQMYDQLSDPFAGLGAGNIHLGYFDGPDDAATLAEAADRLTDQLIARLPVVRDHRVLDVGCGVGKPALRLAGDLGVRVVGVSISEAQIGIANEAARAAGLADRVSFRYADAMRLPFPDASFDGVWAMESLHHMPDRLQALREIARVLRHGGVLSIADFVQLGPVREQDEEALRAFRSGGGVHTLTGIAEYEAEIADAGLTLTSSSDISANVRPSMVRTAEAIRGAADAFLPLMGEEGLRRLIDNFERAATVPQIGYALFAARRS
T1026	FBNSV	172				MVSNWNWSGKKGRRTPRRGYTRPFKSAVPTTRVVVHQSAVLKKDDVSGSEIKPEGDVARYKIRKVMLSCTLRMRPGELVNYLIVKCSSPIVNWSAAFTAPALMVKESCQDMITIIGKGKVESNGVAGSDCTKSFNKFIRLGAGISQTQHLYVVMYTSEAVKTVLEHRVYIEV
T1027	GLuc	168		Gaussia		KPTENNEDFNIVAVASNFATTDLDADRGKLPGKKLPLEVLKEMEANARKAGCTRGCLICLSHIKCTPKMKKFIPGRCHTYEGDKESAQGGIGEAIVDIPAIPRFKDLEPMEQFIAQVDLCVDCTTGCLKGLANVQCSDLLKKWLPQRCATFASKIQGQVDKIKGAGGD
T1028	CalU17	316		Micromonospora echinospora		MARIGDLDAARPAPEAVPGDMVRIPGGTFLQGSPERTLDWLDREGQAFPRDWFTDETPQIPVTLPDYLIDRHQVTVAQFAAFVSRTGYVTSAERAGGSMVYGEQYWEIREGACWHRPAGYGSGIRGRDDHPVVHISFADAEAYARWAGRRLPTESEWERAATGPSYRLWPWGDTWDSRNANTAEHTAGALGDLDAWRTWWGAIHAVQGPMPQTTPVGAFSPRGDSVDGCADMTGNVYEWTSTLAHLYSPATRCDPTIHLVMGRSRVIRGGSWMNFRYQVRCAERLYGDPTGWSNFALGFRCARDVTAVPHVDDNGR
T1029	EbsA	125		Cyanobacteria		MRIDELVPADPRAVSLYTPYYSQANRRRYLPYALSLYQGSSIEGSRAVEGGAPISFVATWTVTPLPADMTRCHLQFNNDAELTYEILLPNHEFLEYLIDMLMGYQRMQKTDFPGAFYRRLLGYDS
T1030	BibA	273				DQELGKQSRRSQDIIKSLGFLSSDQKDILVKSISSSKDSQLILKFVTQATQLNNAESTKAKQMAQNDVALIKNISPEVLEEYKEKIQRASTKSQVDEFVAEAKKVVNSNKETLVNQANGKKQEIAKLENLSNDEMLRYNTAIDNVVKQYNEGKLNITAAMNALNSIKQAAQEVAQKNLQKQYAKKIERISSKGLALSKKAKEIYEKHKSILPTPGYYADSVGTYLNRFRDKQTFGNRSVWTGQSGLDEAKKMLDEVKKLLKELQDLTRGTKED
T1031	S0A2C3d1	95				ACKIENIKYKGKEVESKLGSQLIDIFNDLDRAKEEYDKLSSPEFIAKFGDWINDEVERNVNEDGEPLLIQDVRQDSSKHYFFILKNGERFDLLTR
T1032	smchD1	284				NDVKKQQQMAALTKEKDELSKSITMYRSLFDANKQLVDEMKCQAEEAKLKETQLRNELKAYNIDIPATQQTTHIEALLEKKITEQNELKKRPRRLCTLPNYTKRSGDILGKIAHLAQIEDDRAAMVISWHLASDMDCVVTLTTDAARAIYDETQGRQQVLPLDSIYRKTLPDWKRPLPHFRNGKLHFKPFGNPVFARDLLTFPDNIEHCETVFGMLLGDTIILDNLDAANHYRKEVVKITHCPTLLTRDGDRIRSNGKFGGLQNKAPPMDKLRGMVFGAPVPKQ
T1033	S0A2C3d2	100				EFDSFTSPDLTNEIKEITDQLSYYIYNKHFSSDFEQVEGAKLNIQNEISQFVKEGKAPVQAAYNKLQDPDIKDLLDYYDNIEKHSDEFESEIVKFFSEKK
T1034	BIL2	156				LILNLRGGAFVSNTQITMADKQKKFINEIQEGDLVRSYSITDETFQQNAVTSIVKHEADQLCQINFGKQHVVCTVNHRFYDPESKLWKSVCPHPGSGISFLKKYDYLLSEEGEKLQITEIKTFTTKQPVFIYHIQVENNHNFFANGVLAHAMQVSI
T1035	S0A2C3d3	102				ANVKLMLSFLPKIDNLTGEPALGDYLNKPVFRSFDSIHSELLEVLSDITTLHVQGEVLDVFSSMYNKIKELADFKKSFKPLLEILDTIDEQKKTEFVQAFYL
T1036s1	Monoclonal antibody 93k	622	1	Varicella-zoster virus, strain pOka		TKPTFYVCPPPTGSTIVRLEPPRTCPDYHLGKNFTEGIAVVYKENIAAYKFKATVYYKDVIVSTAWAGSSYTQITNRYADRVPIPVSEITDTIDKFGKCSSKATYVRNNHKVEAFNEDKNPQDMPLIASKYNSVGSKAWHTTNDTYMVAGTPGTYRTGTSVNCIIEEVEARSIFPYDSFGLSTGDIIYMSPFFGLRDGAYREHSNYAMDRFHQFEGYRQRDLDTRALLEPAARNFLVTPHLTVGWNWKPKRTEVCSLVKWREVEDVVRDEYAHNFRFTMKTLSTTFISETNEFNLNQIHLSQCVKEEARAIINRIYTTRYNSSHVRTGDIQTYLARGGFVVVFQPLLSNSLARLYLQELVRENTNHSPQKHPTRNTRSRRSVPVELRANRTITTTSSVEFAMLQFTYDHIQEHVNEMLARISSSWCQLQNRERALWSGLFPINPSALASTILDQRVKARILGDVISVSNCPELGSDTRIILQNSMRVSGSTTRCYSRPLISIVSLNGSGTVEGQLGTDNELIMSRDLLEPCVANHKRYFLFGHHYVYYEDYRYVREIAVHDVGMISTYVDLNLTLLKDREFMPLRVYTRDELRDTGLLDYSEIQRRNQMHSLRFYDIDKVVQ
T1037	S0A2C3d4	404				SKINFYTTTIETLETEDQNNTLTTFKVQNVSNASTIFSNGKTYWNFARPSYISNRINTFKNNPGVLRQLLNTSYGQSSLWAKHLLGEEKNVTGDFVLAGNARESASENRLKSLELSIFNSLQEKDKGAEGNDNGSISIVDQLADKLNKVLRGGTKNGTSIYSTVTPGDKSTLHEIKIDHFIPETISSFSNGTMIFNDKIVNAFTDHFVSEVNRMKEAYQELETLPESKRVVHYHTDARGNVMKDGKLAGNAFKSGHILSELSFDQITQDDNEMLKLYNEDGSPINPKGAVSNEQKILIKQTINKVLNQRIKENIRYFKDQGLVIDTVNKDGNKGFHFHGLDKSIMSEYTDDIQLTEFDISHVVSDFTLNSILASIEYTKLFTGDPANYKNMVDFFKRVPATYTN
T1038	TSWV glycoprotein	199				STTQKTISVSDLPNNCLNASSLKCEIKGISTYNVYYQVENNGVIYSCVSDSAEGLEKCDNSLNLPKRFSKVPVIPITKLDNKRHFSVGTKFFISESLTQDNYPITYNSYPTNGTVCLQTVKLSGDCKITKSNFANPYTVSITSPEKIMGYLIKKPGENVEHKVISFSGSASITFTEEMLDGEHNLLCGDKSAKIPKTNK
T1039	S0A2C3d5	161				NNPISSKLTEYYTNFKYKILPGGKLNKGKLKDLQSTVTSLLEKTRKENNPKYKSDSDFYEVFEEGVVELMQVFEDLGVDSITFEAMDIFLKQFRFDLPENNAYKIMYQQYQGKLTNLNNLLKDIQSNKINPYKINPFKNYSNLIFNSLAEAENYFIENNNE
T1040	S0A2C3d6	130				PNFKVEHTKKSFKLAKDYIAQNEITVEEMYDELEDHGFNIDDIANGEEVTESAITEAFIKNHILNSNSELEYHNDFVKQHNIDAVNKIDFLGYSEELHKNKSEQLQNRLFDLYWAVLTNEKTYGDLITPI
T1041	S0A2C3d7	242				DFPHVKDEIKRVFGDNSKQTGENLKFHDPLYQLKLKFTYAGGKSGVGITANMLVDHNRSKGIDMQFNQYNLGVGHTQNGNTVFDKEYSEELNGTRFKIKDTISAFLNAFVDNAKDPYINDGNFNTYTSSVAFMLIRAGVHPDWIISFIGQPVLRELADFTQRYESKIIPKEDVGKSSFDIIVEKYETINQESYKDAESRAFSLDTLQESIEVGVHGIDLDVLKTFKGFQEQAKRLNESVQLS
T1042	S0A2C3d8	289				RFDTNGSGKNILDLIILKNKIKNLYVSEQTQQKGSMMNHFKKYHNNGKITSLGTQVKNTLLFTDDILNNNPSLFLLGSKPIQDLVNSISNNLVDSRGGSRGLLTNEDVGKLFYKEVYKYIMADFAPFKVGDPMAYIKDTIFDLVNYKTEDKQYDSSNFFIENMTVYENSFGITNKNKSVDFQDRLYRSAYDLMMENPELANKMFISSFLMNGFENKLIDIKEYIPYQWFLENDIRSFIESKNTGLKDSSESLRNPADKILEQNSLENILFSQNNVVSSDENDITKQECK
T1043	S0A2C3d9	148				SFEEQFIKNNSDSNILAPKVSQSVIKSIKGIKSKHVFELPINDKTKRYILGATETKEEVLPNYVKVGSDLYRLKAYREKSGVYVRTNKLGFEDPKSFLSIKEYKFGTRTGGNFTGELTKQELVYTNQWVNENITLANGYISADSRTVD
T1044	S0A2C3	2180		bacteriophage phi14:2		MACKIENIKYKGKEVESKLGSQLIDIFNDLDRAKEEYDKLSSPEFIAKFGDWINDEVERNVNEDGEPLLIQDVRQDSSKHYFFILKNGERFDLLTREFDSFTSPDLTNEIKEITDQLSYYIYNKHFSSDFEQVEGAKLNIQNEISQFVKEGKAPVQAAYNKLQDPDIKDLLDYYDNIEKHSDEFESEIVKFFSEKKLIIKDAELEDVTQEGLNEGLQGGDLVQAFEKNSKDNATANVKLMLSFLPKIDNLTGEPALGDYLNKPVFRSFDSIHSELLEVLSDITTLHVQGEVLDVFSSMYNKIKELADFKKSFKPLLEILDTIDEQKKTEFVQAFYLSKINFYTTTIETLETEDQNNTLTTFKVQNVSNANNPISSKLTEYYTNFKYKILPGGKLNKGKLKDLQSTVTSLLEKTRKENNPKYKSDSDFYEVFEEGVVELMQVFEDLGVDSITFEAMDIFLKQFRFDLPENNAYKIMYQQYQGKLTNLNNLLKDIQSNKINPYKINPFKNYSNLIFNSLAEAENYFIENNNESTIFSNGKTYWNFARPSYISNRINTFKNNPGVLRQLLNTSYGQSSLWAKHLLGEEKNVTGDFVLAGNARESASENRLKSLELSIFNSLQEKDKGAEGNDNGSISIVDQLADKLNKVLRGGTKNGTSIYSTVTPGDKSTLHEIKIDHFIPETISSFSNGTMIFNDKIVNAFTDHFVSEVNRMKEAYQELETLPESKRVVHYHTDARGNVMKDGKLAGNAFKSGHILSELSFDQITQDDNEMLKLYNEDGSPINPKGAVSNEQKILIKQTINKVLNQRIKENIRYFKDQGLVIDTVNKDGNKGFHFHGLDKSIMSEYTDDIQLTEFDISHVVSDFTLNSILASIEYTKLFTGDPANYKNMVDFFKRVPATYTNGTNLRLGLEANDHLFDVAVLENIVKPSAYLKEIGESLKLSDLSEAEKKYILEAYEDVNQTDAQAWITPKRWAFLISRTGKWNSKYQSVYNKILKSESLDASEMKLAAQPLKGVYFGLVNNTPTYLKYSQAVLLPQLVAGTQLQSLADAMNKQDIGESIVLDGVKVGATTPNIVTDENGDILKSISLNPLTLSNADWKLQQDLPVKTIKPTLLGSQIQKNIYSSLTDEATYTIENEAFNGSGMFQAINDTVSAMSNLSIAGLSSELGKDSEGKIDKRKLYDMLEREMLDKGSAINLLKSIQKNLPIEAMPGIKDKLYNIVFSKINSAAVKLKTNGGSFIQLSNFGLDKQTADAKGITWLVEPSDLKPPVIEKDADGKNYIRPGQIFMSHVQIAKLVPDYAKMDSKTLSSMIDPKALRAIGYRIPNQGQSSNDPLQIVGILPEAMGDTIVAYTEIPTKTGSDFDIDKMYVMLPNFKVEHTKKSFKLAKDYIAQNEITVEEMYDELEDHGFNIDDIANGEEVTESAITEAFIKNHILNSNSELEYHNDFVKQHNIDAVNKIDFLGYSEELHKNKSEQLQNRLFDLYWAVLTNEKTYGDLITPIDFPHVKDEIKRVFGDNSKQTGENLKFHDPLYQLKLKFTYAGGKSGVGITANMLVDHNRSKGIDMQFNQYNLGVGHTQNGNTVFDKEYSEELNGTRFKIKDTISAFLNAFVDNAKDPYINDGNFNTYTSSVAFMLIRAGVHPDWIISFIGQPVLRELADFTQRYESKIIPKEDVGKSSFDIIVEKYETINQESYKDAESRAFSLDTLQESIEVGVHGIDLDVLKTFKGFQEQAKRLNESVQLSRFDTNGSGKNILDLIILKNKIKNLYVSEQTQQKGSMMNHFKKYHNNGKITSLGTQVKNTLLFTDDILNNNPSLFLLGSKPIQDLVNSISNNLVDSRGGSRGLLTNEDVGKLFYKEVYKYIMADFAPFKVGDPMAYIKDTIFDLVNYKTEDKQYDSSNFFIENMTVYENSFGITNKNKSVDFQDRLYRSAYDLMMENPELANKMFISSFLMNGFENKLIDIKEYIPYQWFLENDIRSFIESKNTGLKDSSESLRSFEEQFIKNNSDSNILAPKVSQSVIKSIKGIKSKHVFELPINDKTKRYILGATETKEEVLPNYVKVGSDLYRLKAYREKSGVYVRTNKLGFEDPKSFLSIKEYKFGTRTGGNFTGELTKQELVYTNQWVNENITLANGYISADSRTVDNPADKILEQNSLENILFSQNNVVSSDENDITKQECK
T1045s1	PEX4-PEX22	157	1	Arabidopsis thaliana		MQASRARLFKEYKEVQREKVADPDIQLICDDTNIFKWTALIKGPSETPYEGGVFQLAFSVPEPYPLQPPQVRFLTKIFHPNVHFKTGEICLDILKNAWSPAWTLQSVCRAIIALMAHPEPDSPLNCDSGNLLRSGDVRGFNSMAQMYTRLAAMPKKG
T1045s2	PEX4-PEX22	173	2	Arabidopsis thaliana		AVQDVVDQFFQPVKPTLGQIVRQKLSEGRKVTCRLLGVILEETSPEELQKQATVRSSVLEVLLEITKYSDLYLMERVLDDESEAKVLQALENAGVFTSGGLVKDKVLFCSTEIGRTSFVRQLEPDWHIDTNPEISTQLARFIKYQLHVATVKPERTAPNVFTSQSIEQFFGSV
T1046s1	RI-T complex	74	1			MNVDPHFDKFMESGIRHVYMLFENKSVESSEQFYSFMRTTYKNDPCSSDFECIERGAEMAQSYARIMNIKLETE
T1046s2	RI-T complex	142	2			RFESVALEQLQIVHISSEADFSAVYSFRPKNLNYFVDIIAYEGKLPSTISEKSLGGYPVDKTMDEYTVHLNGRHYYSNSKFAFLPTKKPTPEINYMYSCPYFNLDNIYAGTITMYWYRNDHISNDRLESICAQAARILGRAK
T1047s1	FlgH-FlgI	232	1			MQKNAAHTYAISSLLVLSLTGCAWIPSTPLVQGATSAQPVPGPTPVANGSIFQSAQPINYGYQPLFEDRRPRNIGDTLTIVLQENVSASKSSSANASRDGKTNFGFDTVPRYLQGLFGNARADVEASGGNTFNGKGGANASNTFSGTLTVTVDQVLVNGNLHVVGEKQIAINQGTEFIRFSGVVNPRTISGSNTVPSTQVADARIEYVGNGYINEAQNMGWLQRFFLNLSPM
T1047s2	FlgH-FlgI	365	2			MIKFLSALILLLVTTAAQAERIRDLTSVQGVRQNSLIGYGLVVGLDGTGDQTTQTPFTTQTLNNMLSQLGITVPTGTNMQLKNVAAVMVTASLPPFGRQGQTIDVVVSSMGNAKSLRGGTLLMTPLKGVDSQVYALAQGNILVGGAGASAGGSSVQVNQLNGGRITNGAVIERELPSQFGVGNTLNLQLNDEDFSMAQQIADTINRVRGYGSATALDARTIQVRVPSGNSSQVRFLADIQNMQVNVTPQDAKVVINSRTGSVVMNREVTLDSCAVAQGNLSVTVNRQANVSQPDTPFGGGQTVVTPQTQIDLRQSGGSLQSVRSSASLNNVVRALNALGATPMDLMSILQSMQSAGCLRAKLEII
T1048	Q7VLF5	109		Haemophilus ducreyi		MGHHHHHHSHMKGNIQQQIQLKSELASAEAKMEEQKQQLERHFEQSANLLENMAEDYKKLYTHFAQNSEQLLPESNQVEFFKRLKNHANGDEDNQPRDYSDGSSGLLKS
T1049	MrpH	141		Proteus mirabilis		SIFSYITESTGTPSNATYTYVIERWDPETSGILNPCYGWPVCYVTVNHKHTVNGTGGNPAFQIARIEKLRTLAEVRDVVLKNRSFPIEGQTTHRGPSLNSNQECVGLFYQPNSSGISPRGKLLPGSLCGIAPPPVHHHHHH
T1050	A7LXT1	779		Bacteroides Ovatus		MASQSYLFKHLEVSDGLSNNSVNTIYKDRDGFMWFGTTTGLNRYDGYTFKIYQHAENEPGSLPDNYITDIVEMPDGRFWINTARGYVLFDKERDYFITDVTGFMKNLESWGVPEQVFVDREGNTWLSVAGEGCYRYKEGGKRLFFSYTEHSLPEYGVTQMAECSDGILLIYNTGLLVCLDRATLAIKWQSDEIKKYIPGGKTIELSLFVDRDNCIWAYSLMGIWAYDCGTKSWRTDLTGIWSSRPDVIIHAVAQDIEGRIWVGKDYDGIDVLEKETGKVTSLVAHDDNGRSLPHNTIYDLYADRDGVMWVGTYKKGVSYYSESIFKFNMYEWGDITCIEQADEDRLWLGTNDHGILLWNRSTGKAEPFWRDAEGQLPNPVVSMLKSKDGKLWVGTFNGGLYCMNGSQVRSYKEGTGNALASNNVWALVEDDKGRIWIASLGGGLQCLEPLSGTFETYTSNNSALLENNVTSLCWVDDNTLFFGTASQGVGTMDMRTREIKKIQGQSDSMKLSNDAVNHVYKDSRGLVWIATREGLNVYDTRRHMFLDLFPVVEAKGNFIAAITEDQERNMWVSTSRKVIRVTVASDGKGSYLFDSRAYNSEDGLQNCDFNQRSIKTLHNGIIAIGGLYGVNIFAPDHIRYNKMLPNVMFTGLSLFDEAVKVGQSYGGRVLIEKELNDVENVEFDYKQNIFSVSFASDNYNLPEKTQYMYKLEGFNNDWLTLPVGVHNVTFTNLAPGKYVLRVKAINSDGYVGIKEATLGIVVNPPFKLAAALQHHHHHH
T1051	A0A0H3LWK6	126		Bartonella henselae str. Houston-1		MSSGSSQIYKEGYILDKNALDSISIGSSQEQVILALGTPSLKTKYDNEVFYYISQTRYRGMQFMKTKIIDRKVLAIYFNKNDQVTKIANYGLQDGQVFDFIAQTTPTATKEQPLLIQIIKGPANLP
T1052	Q858F5.1	832				GGQQMGRILEKLQNVVYPTDAPFYAPTDGTSDATTALQSAITHCEGKNAVLCINKSFSVSDSLSISSPLIVFAMNEQCGIVSSAPAGHAAVIFNGDNICWIGGFIRGLNQPSSSTIRQDGVLLNGNDCVLDNVSINGFFAKGLHTSNADGSGVGIRDYGTRNTISKCRVEYNKFGISLEGKDGWVLGNYVSNHYRMSSEAKPWDDTSNYWDGIVGGGEWLGVATGYLIDGNEFEDNGQSGIYAGGNGGIFAKNRITNNHIHGNWNRGIDFGVVQRLANSDVYENIITDNIVHNNRAANIWLAGVRDSIINNNNSWFTDDYRSMFAGNFDACVCLTLADGGEKAAPTGNQVNGNRCKTLESDDQISGFTLNITDTARGNQVRDNVLSPIGEAYIPNPELYAVNNIDIPTEFAFTPQLIGGSGVTLGNSSGKLTANGNVFSLSLSISAQSVSSPSGSLTIGYIPGLSGTSVRHHNVRTEFYNNLNTTMQRAQPYVNIGDSADQLRVYRLADGLSKDDLLEYFMSNSDLRMVGDIEIEPYNFSRSVTVVGHSFCTSDVMSTELNRLLGTDIYNFARGGASDVEVAMSQEAITRQYAPVGGSIPASGSVALTPTEVGIFWNGATGKCIFGGIDGTFSTTLVNAGTGETQLVFTRDSAGSAVSVSTTATFAMRPYTRFNTNTIPAGRKHSLHRDDIYIVWGGRNSTDYTRYVSELHTMVANMHTQRFVICPEFPYDTETTGTTGATNLAALNNNLKADFPDNYCQISGVDLLQNFKSKYNPAYAGDVTDIANGITPRSLREDNLHPSETLQPNGLYIGAKVNADFIAQFIKSKGWGG
T1053	T4SS effector	580		Legionella pneumophila		MGLPKKALKESQLQFLTAGTAVSDSSHQTYKVSFIENGVIKNAFYKKLDPKNHYPELLAKISVAVSLFKRIFQGRRSAEERLVFDDEERLVGTLSISVDGFKGFNFHKESVPQESSAKEQVIPSTRTLIEKSFMEILLGRWFLDDDDGHPHNLSLAGDIDFDMFFYWFTIYMKEPRPAIGIPKTRVNLTVRDWEGFPNVKDSKPFHWPTYKNPGQETLPTVLPVQDKLVNLILEKTYPDPGQFEQLAHEPVAQEQKFAAALKILLTYQPEMIRKRLTELFGEMTLNYTSLDETDVALRNQYEKTFPHLCNENTNIKPFVDFIMNLYQMHYDNLYRVVVFYMGCENNGYGVPLPATNSALYHKPSFYKDIVEWARTQNITIFSKDDSSIKFDEDELRRRYHQVWRDAYAPTFRDLLHDSYSLTNKLLQQVSTFHVVLDEVEGKKPTDDTLTNAWELFGTMPELSLEKITPLISVDKDSKLRTALILLVEFTTQFHAVAKTYYQKDRKDLTEEDNLEFSEQLVQLYTNYNLKIRQSLAHTSTLAGEFNRIAVGLKQYTERANFQLHLTTTDEQMKEATVATT
T1054	A7M79_12275	190		Acinetobacter baumannii		DSSIKRTANINLYKLDQRFKQSRINIESFHSTVLLTGQVPDPYLKQLAEDNVKAMSDVKAVHNYITVGNKVSYNTIMQDAGVTANTRALLMKAPVVSDSKVLVHTEDGVLYVMGRLNTAEINDLNNVLQNVGNVTKIVTLIDNIDLAPAPAASTASATTTPVINNVLAQPTVQTPVAIDPDQTDPASSAQ
T1055	DNA polymerase processivity factor	148		Vaccinia virus (strain Copenhagen) (VACV)		GNGKYFSKVGSAGLKQLTNKLDINECATVDELVDEINKSGTVKRKIKNQSAFDLSRECLGYPEADFITLVNNMRFKIENCKVVNFNIENTNCLNNPSIETIYRNFNQFVSIFNVVTDVKKRLFENASGNGSGGGLNDIFEAQKIEWHE
T1056	M23 peptidase	186		Staphylococcal phage		MHHHHHHVNSLEMLTAIDYLTKKGWKISSDPRTYDGYPKNYGYRNYHENGINYDEFCGGYHRAFDVYSNETNDVPAVTSGTVIEANDYGNFGGTFVIRDANDNDWIYGHLQRGSMRFVVGDKVNQGDIIGLQGNSNYYDNPMSVHLHLQLRPKDAKKDEKSQVCSGLAMEKYDITNLNAKQDKSKN
T1057	N4-Cytosine Methyltransferase	287		Caldicellulosiruptor bescii		MLKNVLRYPGGKSKALKYILPNLPVGFREYREPMVGGGAVALAVKQLYTNVKIKINDLNYDLICFWKQLRDNPVQLIEEVSKIKENYKDGRKLYEFLTSQNGGGEFERAVRFYILNRITFSGTVDSGGYSQQSFENRFTWSAINKLKQAAEIIKDFEISHGDYEKLLFEPGNEVFIFLDPPYYSTTESRLYGKNGDLHLSFDHERFAFNIKKCPHLWMITYDDSPEVRKLFKFANIYEWELQYGMNNYKQSKAEKGKELFITNYKLEELRQKEKYALGLLEHHHHHH
T1058	Q9I117	382		Pseudomonas aeruginosa		MRPVLVLLHRYVGLATALFLFLAGLTGSLLAFHHEIDEWLNPGFYAVGEGGERLSPGSLVQRVESRYPRQLVWYMEYPEAGGHPALLATVPREAGAKVEHDVFYLDPVSGEEVGKRLWAACCFQPANLVPWVLEFHHNLTLPGNWGLYLMGGVAMFWFLDCFVGAWLTLPRGRPFWSKWTTAWKIKRGNAYRFNFDLHRAGGLWLWLLLAPVALSSVALNLPSQVFKPLVSLFSPIEPSVYEARGRLPREQLGETRLDYDRTFQLASVEAARLGIAEPIGELYYSFEYNFFGAGFGDHDDPMGKSWLFFHGSDGRLLGQEVAGQGSWGERFYRLQYPIHGGRIAGLPGRIAIAALGLAIAGLSLTGVYIWWRKRRARHWNGR
T1059	MtrunA17_Chr7g0216231	32		Medicago truncatula		TKPCQSDKDCKKFACRKPKVPKCINGFCKCVR
T1060s2	T5 phage tail subcomplex	298	2	T5 phage		MFYSLMRESKIVIEYDGRGYHFDALSNYDASTSFQEFKTLRRTIHNRTNYADSIINAQDPSSISLAINFSTTLIESNFFDWMGFTREGNSLFLPRNTPNIEPIMFNMYIINHNNSCIYFENCYVSTVDFSLDKSIPILNVGIESGKFSEVSTFRDGYTITQGEVLPYSAPAVYTNSSPLPALISASMSFQQQCSWREDRNIFDINKIYTNKRAYVNEMNASATLAFYYVKRLVGDKFLNLDPETRTPLIIKNKYVSITFPLARISKRLNFSDLYQVEYDVIPTADSDPVEINFFGERK
T1060s3	T5 phage tail subcomplex	140	3	T5 phage		MSTENRVIDLVVDENVPYGLLMQFMDVDDSVYPSTSKPVDLTDFSLRGSIKSSLEDGAETVASFTTAIVDAAQGVASISLPVSAVTTIASKASKERDRYNPRQRLAGYYDVIITRTAVGSAASSFRIMEGKVYISDGVTQ
T1061	T5 phage tail subcomplex	949		T5 phage		MKKILDSAKNYLNTHDKLKTACLIALELPSSSGSAATYIYLTDYFRDVTYNGILYRSGKVKSISSHKQNRQLSIGSLSFTITGTAEDEVLKLVQNGVSFLDRGITIHQAIINEEGNILPVDPDTDGPLLFFRGRITGGGIKDNVNTSGIGTSVITWNCSNQFYDFDRVNGRYTDDASHRGLEVVNGTLQPSNGAKRPEYQEDYGFFHSNKSTTILAKYQVKEERYKLQSKKKLFGLSRSYSLKKYYETVTKEVDLDFNLAAKFIPVVYGVQKIPGIPIFADTELNNPNIVYVVYAFAEGEIDGFLDFYIGDSPMICFDETDSDTRTCFGRKKIVGDTMHRLAAGTSTSQPSVHGQEYKYNDGNGDIRIWTFHGKPDQTAAQVLVDIAKKKGFYLQNQNGNGPEYWDSRYKLLDTAYAIVRFTINENRTEIPEISAEVQGKKVKVYNSDGTIKADKTSLNGIWQLMDYLTSDRYGADITLDQFPLQKVISEAKILDIIDESYQTSWQPYWRYVGWNDPLSENRQIVQLNTILDTSESVFKNVQGILESFGGAINNLSGEYRITVEKYSTNPLRINFLDTYGDLDLSDTTGRNKFNSVQASLVDPALSWKTNSITFYNSKFKEQDKGLDKKLQLSFANITNYYTARSYADRELKKSRYSRTLSFSVPYKFIGIEPNDPIAFTYERYGWKDKFFLVDEVENTRDGKINLVLQEYGEDVFINSEQVDNSGNDIPDISNNVLPPRDFKYTPTPGGVVGAIGKNGELSWLPSLTNNVVYYSIAHSGHVNPYIVQQLENNPNERMIQEIIGEPAGLAIFELRAVDINGRRSSPVTLSVDLNSAKNLSVVSNFRVVNTASGDVTEFVGPDVKLAWDKIPEEEIIPEIYYTLEIYDSQDRMLRSVRIEDVYTYDYLLTYNKADFALLNSGALGINRKLRFRIRAEGENGEQSVGWATI
T1062	T5 phage tail subcomplex	35		T5 phage		ASFRDFASNNSTAFRDAVELALNENGTTLKSLGNS
T1063	Q9NPC3	196		Homo sapiens		MSLCEDMLLCNYRKCRIKLSGYAWVTACSHIFCDQHGSGEFSRSPAICPACNSTLSGKLDIVRTELSPSEEYKAMVLAGLRPEIVLDISSRALAFWTYQVHQERLYQEYNFSKAEGHLKQMEKIYTQQIQSKDVELTSMKGEVTSMKKVLEEYKKKFSDISEKLMERNRQYQKLQGLYDSLRLRNITIANHEGTLE
T1064	ORF8	106		SARS-CoV2		FHQECSLQSCTQHQPYVVDDPCPIHFYSKWYIRVGARKSAPLIELCVDEAGSKSPIQYIDIGNYTVSCLPFTINCQEPKLGSLVVRCSFYEDFLEYHDVRVVLDFI
T1065s1	N4-Cytosine Methyltransferase	127	1	Serratia marcescens		AKNSLTTKSLFKEMTIQGIKFTPENVVGAAKDNSGKIIFLEKGNSKSGLQHIVEEHGDQFAQIGVSEARIPDVVMKAVTDGKIVGYQGAGAGRPIYETMIDGKKYNIAVTVGSNGYVVGANLRGSVK
T1065s2	N4-Cytosine Methyltransferase	98	2	Serratia marcescens		MKEIKLMADYHCYPLWGTTPDDFGDISPDELPISLGLKNSLEAWAKRYDAILNTDDPALSGFKSVEEEKLFIDDGYKLAELLQEELGSAYKVIYHADY
T1066s1	CCPol-MP-2	366	1			METRDKLMSLTQSDKTQQWLMDKSSNQDDIQQLQQQFSQQLDQQYNALLADEKAKLDQYVEVHQGLESLKEEIESEPITLNIDKLPDIKATMLERAKNDEHSDKIEKLFDRLEQALNGTNRLYTQLSLIGTRTHRITTKNFNLQGLPKAVQHTILPSKFKKVYTVDFKSFEPSVAAYMTQDSKLIDLLNQKDGLYDALLSELGLSDELRVFVKRAFIGSFLFGGNFKNPKFKLNQYVSEVQWLDAVSQFTKVIELKKHVEKSNSMPMPYSIEHDMSAFQGSSIMAIYVQTVASYIFKHILLKVYKAQCDQKTFKIIVPIHDAIMIECEDEEIAQNVGQLMKDTANQLFNGEFAHVTVEEIGGVDHE
T1066s2	CCPol-MP-2	123	2			MNNDRGQSLHIPSSTPIKENNIYVATLHSVIQTDFSGEIKHQFTYEIEVNNQIVYANRNIPTKPSANQLSIHDWLKRHSNYSASHENYEPYIDQKHLILLGQYNGNYYVQDVASLDAFGGVLS
T1067	Bd3741	264		Bdellovibrio bacteriovorus		MKRRILSVGRNYFLRGVIMNRLLTVFGVLLVATLASFNVFAQSRSELERRMMVEDSYEAPRGRLFNEQAYLRGETYLNQYTNVIVINKAASGSQAQTLRLYTNRQLMLSTYVSTGREDLEYISAVRGVVNKIFKGATSSHWRHTTRGFYTIKRVHGYNYRSGESKFHMPFAMFFNETRGLAVHQVPPDLSGGEAAGEAMLGKRASSGCVRVHKNQIQTIHRAVTAADRGIVPVLDTRTGQPKYDQNGKVRYEKGYKTIVIVEEY
T1068	LmazxJ3-JDBD	211				MAHHHHHHMPQQQRHVQLNPELRFERPDKEYIPLPPLRDMQDMVKVLFLLSTDKKRYPDGRHRTLDYFRVAVEMFVTEVRQEYKRQYQQAQRNGRAMQRFTWKNSGELAICFACCCDNVKLLYDSLQPGPLKPLWDAFVGQLPPMLIVQSRVPETMLSSQTYHTKYMDWVKGGTRYGGEQSTANVRFPSVADRRVKVETYLRSGAGYKIEA
T1069s1	CCPol-MP-1	369	1			MYQANIRDLITKLPQSNKTEHFLMNKFSNQDKVQQLQRQISQQLDQQYNELLANEKAKLDQYVEVHHNLEPLKKEIESESINLDTDKLPDIKATMLEKAKNDEHFDKIEQLFDRLDQSLNGTNRLYTQLSLIGTRTHRITTKRFNVQGLPKLVQQMILPSQFKKVYTIDFKSFEPSVAAYMTQDEQLIDYLNHEEGLYDALLRDLSLSKEKRVSVKRAFIGSFLFGGRYSSSKFKINQEVSEINWLQVMSKFKKVIEFKEQVEKYKTMPTPYGIEHDMSAFQGSSIMAIYVQTVASYIFKHILLEVYKAQCEKKTFKIIVPIHDAIMIECNDKGIAQNVAQLMKDTANQLFNGEFAHVTVEALGGIDNE
T1069s2	CCPol-MP-1	122	2			MNNDRGKSLQIPQSTLLKEGSIYVATLHSVYEKNFSGDIKHQFTYEVELNQETHYVNRNITVKSMSHQLSIADWIKRHSNYNVNHINYDPYIDRKHLVLVGQYNGNYYIQDVAPLDEFGGVL
T1070	G3M192	335		Escherichia virus CBA120	1-335	MANKPTQPLFPLGLETSESSNIKGFNNSGTIEHSPGAVMTFPEDTEVTGLPSSVRYNPDSDEFEGYYENGGWLSLGGGGIRWETLPHAPSSNLLEGRGYLINNTTGTSTVVLPSPTRIGDSVTICDAYGKFATYPLTVSPSGNNLYGSTEDMAITTDNVSATFTWSGPEQGWVITSGVGLGQGRVYSREIFTQILASETSAVTLNTPPTIVDVYADGKRLAESKYSLDGNVITFSPSLPASTELQVIEYTPIQLGNGGGSGSSTITWVYNGGSAIGGETEITLDIVVDDVPAIDINGSRQYKNLGFTFDPLTSKITLAQELDAEDEVVVIINGTP
T1071	Q9KQ66	488		Vibrio cholerae		MQSLAKLLVIEDDAAIRLNLSVILEFVGEQCEVIESTQIDQINWSAVWGGCILGSLRGQALSEQLIQSLTKANHIPLLVANKQPYSLEEFPNYVGELDFPLNYPQLSDALRHCKEFLGRKGFQVLATARKNTLFRSLVGQSMGIQEVRHLIEQVSTTEANVLILGESGTGKEVVARNIHYHSGRRNGPFVPINCGAIPAELLESELFGHEKGAFTGAITARKGRFELAEGGTLFLDEIGDMPMSMQVKLLRVLQERCFERVGGNSTIKANVRVIAATHRNLEEMIDGQKFREDLYYRLNVFPIEMPALRDRIDDIPLLLQELMTRMEAEGAQPICFTPRAINSMMEHDWPGNVRELANLVERMVILYPNSLVDVNHLPTKYRYSDIPEFQPEPSRFSSVEEQERDVLEGIFAEDFNFEEPQEFVPDIDAPQALPPEGVNLKELLADLEVNLINQALEAQGGVVARAADMLGMRRTTLVEKMRKYNMQR
T1072s1	Q6PIF2	101	1	Homo sapiens		GSMGLYFSSLDSSIDILQKRAQELIENINKSRQKDHALMTNFRNSLKTKVSDLTEKLEERIYQIYNDHNKIIQEKLQEFTQKMAKISHLETELKQVCHSVE
T1072s2	Q6PIF2	69	2	Homo sapiens		GSMGKDEALEKDLNDVSKEINLMLSTYAKLLSERAAVDASYIDEIDELFKEANAIENFLIQKREFLRQR
T1073	Bd2625	255		Bdellovibrio bacteriovorus		MGDFVSNQFGALLKNKLEEIQKKNPRFSFRSLAKKVGISPGCLNELMHGKRPLSEFYANKIVLGLELGAEERNEVYSLISTRSRKFAAQKTLAEKELELIASWEHFAILNLIRMKTFKPEPEWIAERLALPLEKVQQSLELLLDLGFIKRKGNSIARSVASLATTTDIPSEALVQAHVSDMHKAIEVLKRTPIDRRDYSAITMAINPHKMEEAKNLIKKFRRKFSMLVEEGDMTEVYNLNIQFFPLTVTESEKPL
T1074	Bd0675	202		Bdellovibrio bacteriovorus		MRLLSKPKPLEGSFFMVRLSVRIGWHRGPFLAGTGFGVKGTKQGNTMKNMFGKILASTLLLSSISASAGGNDFVSRLKALDGREGKIVSSYDDENTGRCRLELQKYELEDGSQGLAVYLQDTGMYFTPSAGLDKETKLKDANTAVVSTSSERPGGDACGDFGGALGYKKVLVLKDNQVTIRETFRCVMDGFKKYDLSTTCQF
T1075	HNRNPK	463		human		METEQPEETFPNTETNGEFGKRPAEDMEEEQAFKRSRNTDEMVELRILLQSKNAGAVIGKGGKNIKALRTDYNASVSVPDSSGPERILSISADIETIGEILKKIIPTLEEGLQLPSPTATSQLPLESDAVECLNYQHYKGSDFDCELRLLIHQSLAGGIIGVKGAKIKELRENTQTTIKLFQECCPHSTDRVVLIGGKPDRVVECIKIILDLISESPIKGRAQPYDPNFYDETYDYGGFTMMFDDRRGRPVGFPMRGRGGFDRMPPGRGGRPMPPSRRDYDDMSPRRGPPPPPPGRGGRGGSRARNLPLPPPPPPRGGDLMAYDRRGRPGDRYDGMVGFSADETWDSAIDTWSPSEWQMAYEPQGGSGYDYSYAGGRGSYGDLGGPIITTQVTIPKDLAGSIIGKGGQRIKQIRHESGASIKIDEPLEGSEDRIITITGTQDQIQNAQYLLQNSVKQYSGKFF
T1076	HACL	552		Rhodospirillales bacterium		SSEVDGATLIARSLKQQGIDHLFGVVGFPITAIAAAAQKEGVAYLGMRNEQSAAYAAAAYGYLTGRPGAAVVVTGPGVVHGLSGLANAQQNCWPMILIGGASETYRGGMGAFQEERQVLIASPFCKFAHGIESVARIPFYVEMATRNAIYGRPGATYLDMPDDIIRGTCETDKIAQAERVPEAPRSVAPAENVEAALDLLEKAQRPLVLLGKGMAWSRGEDEVRAFIERTQVPFVRSPMGKGVMPDDHPLSASAARTLALQQADVIFLMGARLNWIFHFGLPPRYAKDVKVIQLDIAPEEIGHNKPTEVALVGDGKAIMAQLNKALVNRQWFHPKDTPWRQALTKKAAENVATIKPQVDDDQGPAGYYRALRDVAAWMPKNAILSAEGAGTMDIGLTQLASSNARSVLNAGTYGTMGVGLGQAIAAAVSDPSRPVIHLSGDSAIGFSGMEMETLVRYNLPVKIVVLNNGGIGPGMPEIPENPMFNLKPNALIYGARYDKVMEAFGGKGIFVKEPKDIRKALDEAMAFKGPALVNVVLSQGSTRKAQQFAWHS
T1077	YfaZ	159				MSISGQAGKEYTNIGVGFGTESTGLALSGNWTHNDDDGDVAGVGLGLNLPLGPLMATVGGKGVYTNPNYGDEGYAAAVGGGLQWKIGNSFRLFGEYYYSPDSLSSGIKSYEEANAGARYTIMRPVSIEAGYRYLNLSGKDGNRDNAVADGPYVGVNASF
T1078	Tsp1	138		Trichoderma virens		MAAPTPADKSMMAAVPEWTITNLKRVCNAGNTSCTWTFGVDTHLATATSCTYVVKANANASQASGGPVTCGPYTITSSWSGQFGPNNGFTTFAVTDFSKKLIVWPAYTDVQVQAGKVVSPNQSYAPANLPLEHHHHHH
T1079	Bd0655	505		Bdellovibrio bacteriovorus		MELVRLMGFLTVLSLALSANAQNSKDYLVVVDRIPVSELRWVMTQSGDHGVNAKSYWSDSMEQTFLVDPLNPTLRNQASVNYLRLLQNVSTGIVDPALVGVDVKLTKKKFPTALELETALAAAGQNPNVLLESMSPQSPQYLALRDSLRKLNNACVNNLWPALPKVKKTLKLGSKDAILIPLKTRMTQLGYPMTSLDNVFDDKVVAAVNDIQWNLRFKPDSKISPGGKTWKYLNVSCQDRMRQIRLDMEKLRWFPQHFEDRYIFINLAMSYFSLVDKSGGGFYSMSFRTINGRPERKSPTMKDKIVYIVINPFWVVPPTIFREDKVEEIKNLWPWEIREYFDTRHYQVWNKSFTQRFDPASIDWYNMDPNQDANIYIRQSPHRMNALGSLKFMMTNSYAIYLHDTNQRELFAEPHRLLSSGCVRVEKPVDLAEYLLKGTEWDRAAIERYMAKPGEVLDKDTKVQLKQQMPVYMVFLTSQLSSDGILRFAEDSYRQGTRLLRLGAW
T1080	Bd3182	922		Bdellovibrio bacteriovorus		MKNLIPSLFLILSGVAVQAASPSPGPLFTYEGLLTDAGSTAITTTQTVQLQIIYPASCVVFEETHSITPGSSGEFSVIVGSGTRTDSTGNTADRIFASSGNVTCADTSSVVASGFTTRSLRVRVGGTDLTPDVAINTVPFAINAARLADKTATDFVQISASTTQANADSVFSRYNTLNSVLNLFATPGTNGQLLIGTGTGYTPATLTAGSGINITNGSGSITISASGGGGSVTSVTALSPLVVGGTAAVPEIALPQANSTTNGFLSSTDWQAFNNKQNKTLSSGNIWVGNVVGSAAEVSVSGDATLNSSGVLSLANVGTAGTYAKVTTDAKGRVTSGSALTAADIPSLDWSKITSGLPATLGGYGISDAVKNMGGSPSIQSGTDAARPAPGTAGRIYISSDTNQIYRDTGSAWNTLGGGGGAALPISLTTEVTGILPIANGGTGSSSVAGAMSALSPLSTKGDLLVHNGTANVRLPAGASGQVLAADTTDANGVKWVTAPAGTVTAVTGNAPVMVSNNTTTPLISVSDATTSTKGVVQIGNGLNVTSGTVSVNPGSFPSVVPVTKGGTGTGTFNANKLVYTNASGSAFTEFACGIGMAIAFDGTGIAGCSSYSSLGVIVNSGNSLGIPMAVGTNDAFSLSFETNNTPRMTIDDVGRVGVGTTAPTSALHVIGTGEVARFVTSATGGVVIDSTALNYNPSLIYRKTNINRWSMMVNAASETGGNAGSNLSILRYDDTGATLGAAVTIDRASGFFGINTAAPAYNIHVTGTAGLSTGSAWTVASDARLKDVHGDYEFGLSEILKLHTVRYNYKKDNAAKIPSDVPMVGFIAQEVQQVIPDAVKTRADGYLELNVDPIHWATVNAVKELHGMCKATEEQLNTITRRVSSLEEDAAVKDLRIKALEDENKNLKKDLELIKAKLGLQ
T1082	gp63	97		T4 phage		MKKFIFATIFALASCAAQPAMAGYDKDLCEWSMTADQTEVETQIEADIMNIVKRDRPEMKAEVQKQLKSGGVMQYNYVLYCDKNFNNKNIIAEVVGE
T1083	Nitro	98		Nitrosococcus oceani		GAMGSEIEHIEEAIANAKTKADHERLVAHYEEEAKRLEKKSEEYQELAKVYKKITDVYPNIRSYMVLHYQNLTRRYKEAAEENRALAKLHHELAIVED
T1084	Meio	73		Meiothermus silvanus		MAAHKGAEHHHKAAEHHEQAAKHHHAAAEHHEKGEHEQAAHHADTAYAHHKHAEEHAAQAAKHDAEHHAPKPH
T1085	Bd2374_c	588		Bdellovibrio bacteriovorus		VILAKYNVEKDAAAKKSQAEKLEKNLLLGIENAEKSKDASLLVAAQDDYLQNSVLKQKSFDVQYQKTYAIYQKGDYAVAADQLKQLALNPQGSAAIRTQAAELSLDALALLKDDARIMAWSAEYAGKFADKKADFQQIQQKSILTQSAKLAESQPEQALAALGSFHAASASAEDRKVYLKNKILLSEKLNKITEARVAIEDLLREKTLTAEEREFALGRKVWFAELELDFATALKTAEQMNFAGLSADDKVLKLAMYSELADKDPQQYYAQYLKQSKDDSKKPLIASQLIRLSKNPVKDLETYKMYFKSNNGLYARAALEVYGRTKDRKALDLALKEKGASKQDAFVMIEKIVFLADLKALSAPLMAQTIDTKNQNTIAQGLKARVKLLEKAEALANRAINTGDWSSQLLALDLVARENTRFYNEALSLPMPSGLTPEQENEYLTILSQQVAPNQNTAMMAETKVKEFWAQTGALESYKAFATQNTEWAQYTSQEVEAVAAIAPEAQKATWTAAVAQIKAEESAQTKPTLVELEKARTHLKQNPFMASAIEEALVLEKKAQRKSMVEYLEGRLATLAKKDTEVKEKQQ
T1085	Bd2374_c	588		Bdellovibrio bacteriovorus		VILAKYNVEKDAAAKKSQAEKLEKNLLLGIENAEKSKDASLLVAAQDDYLQNSVLKQKSFDVQYQKTYAIYQKGDYAVAADQLKQLALNPQGSAAIRTQAAELSLDALALLKDDARIMAWSAEYAGKFADKKADFQQIQQKSILTQSAKLAESQPEQALAALGSFHAASASAEDRKVYLKNKILLSEKLNKITEARVAIEDLLREKTLTAEEREFALGRKVWFAELELDFATALKTAEQMNFAGLSADDKVLKLAMYSELADKDPQQYYAQYLKQSKDDSKKPLIASQLIRLSKNPVKDLETYKMYFKSNNGLYARAALEVYGRTKDRKALDLALKEKGASKQDAFVMIEKIVFLADLKALSAPLMAQTIDTKNQNTIAQGLKARVKLLEKAEALANRAINTGDWSSQLLALDLVARENTRFYNEALSLPMPSGLTPEQENEYLTILSQQVAPNQNTAMMAETKVKEFWAQTGALESYKAFATQNTEWAQYTSQEVEAVAAIAPEAQKATWTAAVAQIKAEESAQTKPTLVELEKARTHLKQNPFMASAIEEALVLEKKAQRKSMVEYLEGRLATLAKKDTEVKEKQQ
T1086	Bd2374_n	408		Bdellovibrio bacteriovorus		MKKGLLIFSMTMGVAAAPHAMASGSTQDLLIQKLTQVQLGLAPADPARAAVLLRLADLHAERSRQLSMKELADGCTVCTAGAKDRDKALTYYTEALSKVPPTSVAKVHLQMGHLYELQGRNDLAEKSYQAMLTNGGMTTPIEMAEANLSLAEMAFRQSDFAKAAGLYDKVLATEGASSQGLAAYRRAWCSFRQGNMDASIAQLQDILKNPKLQSRMAASRGVADVQFLEEVSRDMATFMAARGIKDGDAETLYSLSPEQFKLQQVTMLAREGLRLGQKDQALKTWDYVYQKQSDPKMRLEAQVRMAQLNFDLKNTQAAAKSYQTALGLWGATDCTTATCEESAKGLRQFIVGWNRLENSKPSAELLTAYQEYFQVFAEDEDMYVWGAQAAATAGNYVLASQWTALANK
T1087	Tuna	93		Methylobacter tundripaludum		GAMEVVPAPEHPANISAPATSPTEHQEAAALHKKHAEHHKGMAVHHESVAAEYGKAGHPELKKHHEAMAKHHEALAKEHEKAAENHEKMAKPK
T1088	MipA	226				DGKFTLGAGVGVVEHPYKQYDADVYPVPVISYESENFWFHGLGGGYYLWNDTNDKLSITAYWSPMYFKPGDSDSEQMRRLDKRKSTVMAGLSYVHNTPYGFLRTTIAGDTLDNSNGINWDLAWLYRYTNGNLTLTPGIGVEWNSDNQNEYYYGVSRHESRRSGMRSYDPDSSWNPYLELSANYRFLGDWSVYGVARYTRLSDEITDSPMVDKSWSGLISTGITYTF
T1089	Sia 5524	404		Bacteroides finegoldii		MDDNVNDFRPVPYPDEVVGLNPDPDFEPIWEIASPTITVFSSKASNDISYRVPAIAVTKKGSILVFCEARYGTWQDKAGRTDILMKRSTDKGITWTEKNLTNQATSSKLSYMDPTVVVDQVTGKIFLFTSLWDAVGKESAKQGYNNRAIMYTSEDDGLNWTRKDLTDEVEIGIFSGATRMIGSFGPGSGVQMTSSEQYKNRLIVPIRTFKVNEAAGTVSNGGNTAMWSDDNGGTWETGQPNKSGEWMVTEAPDGALIGNIRYNGHRQNYVSTDGGAKWPSFSDYDPIALPTPAKGCAGSVIVKDGWMYYCGAKGIIETTAHDDRGILYLAKAKFFGGHSHTFDPADHMVLYDKAAGYTCMALLPDGDMAIVAELGNEPGFQKLSTRPAEWMRLELFILSTKKPL
T1090	NP_595817.1	193		Schizosaccharomyces pombe		HHAHGTENLYFQGSAATMAAQSLLSIPVEYRSQVWCRANLPYPPAPQLPIPAVVDILTKASQALPQISFSWTLIDQPPDGSLFLVWQAPTLPSPPDGMHFMSNERFFNMDVAGKVLEIHEAKHGFYPLSETRTMHVRCRYRLLGVGFDNFWLVHYFQGSETDSIPANISVAKPPHLRRYPLPDVKTSPFLLQE
T1091	PitA	863		STREPTOCOCCUS ORALIS		MNIRFDFKKVQIIARRLVTLLAILFLCAPISLLNADSTTEPQTTLHKTITPISGQDDKYELSLDITSKLGTETQTDPLDVVLVADLSGSMQNQDVQSFDGRTISRIDALKNTLRGTNGRKGLIDTILSNSNNRLSMVGFGGKIDNKKVDQYWDGNKWRLFRPYWPYERMTKYYDGVSPWDDANTILGWSNNARAAKTAVYNMSIAGGNSIGTESGIGTGTNIGAGLTLANQLMGSARSNAKKVVILLSDGFANMVYDANGYTIYNYNNEDPNIETAPQWFWDRLNNNLNSLSYSLAPTLDGFYSIKFRYSNNVDSITSLQYYMRQHNASIPNEIFSANDEDQLRDSFKDITDKILPLGIHHVSIKDVLSKYVQLLPNGSSEFRVVKEKDGSSEILTENQVTFDTKTTSEGLVEVTAKFSPNYSLEDGARYVLKFTVTSSQEALDAIAGDKKLEAGDAEGSDVNKLYSNKGASVTYSYGIGNSQTKTKEYSDNPTFKPSDPLTVPVEVEWQGVTGARTVITADQPSNVELKLVQKNKNGGSDNQDYRKTNVNVSKNVSNETRNFEKVAKGYQYDLIAPDVPAFTKEIKNVGTESNPSFKVIYKQLPSLTIKKVLEAENNLNKEFRIKVKLTSPDSKPLNGTFGEITVVNGEAEIRVEKRKRWRGILSYLPRGTHYKVEEEAASTNGYHVTYENQEGDLNKDETSTVTNHKLPSLSVTKKVTGVFANLLKSFKITINIRDAQNSPLNGTYTATVNNKRTPLQFTNGRASIDLNKDQTIKIDGLPLDSHYTVEEETNSSRGYQVSYENQEGKLDGDKSATVTNNKNSVPETGVDFLSSTLMLGIILPLGGIFFTILLGYLVVHRRK
T1092	AR9_g270	426				MGKKLSLIDFNEIYNEENLITRANPIENHEFSDDGIYSERIFGSYNEDDDDKDIDTIGWINIEPYYIINPILFTIIKKCIPSINKIINYQQSIDQNGENIDLTEEIGEDDYIGLVKFKDNFDDLLEKYTDKKKYQKEYDFLIENHDKIFINKLPVFSHKLRPATLLTGSKGKVLAFDEINNYYNFVIEYINQINEGVVSDDSIDLLLLPLLYNMQFYANNILTRIISEYLRGKKGFLRKNIMGSRINFSARNVITPLIGHPIDEVAMPYKTFAELYKFQLINLISKVKGINYNEALKFWEKGILGFNQELYNYMEELITKTKGGCTFLLNRNPTISIGSILYLKIGLIKKDYKDLTLGISNNLLSALSGDYDGDVLNIIPVFDNKMKEHFSLLSPQNFLVDRNNGRFNGDFDLQKDQILGIFILNN
T1093	AR9_g154	631				MEKTYNLNDILLSNEYEKIKEDIKEEIINDMASKKVKYSNTSEFAKNDFLKDEFIDLVVDGETYEITYGNLITLLIVARPFNHFKVPMTEDLLFDLSDLKEYQNYYTTLLEHFGYSNEIKSIIKDVISELAIFSGDINVTFGNTVSIKSLIDLGNKVKRFRELLHYRLPNDEALEFNDIEAIIKKNLDEIMKILSETDNMLRYYIDSGAGINSKQFGQVLSLVGSKPDLFGKIIPYPINTSFLRGLDVRSFYINALGARKALITNYQQVRNSGYLTRKISMLLMDTKLIDLDDCGSHENNYLSINVENKDVLKRFSKRSYLNNNGELVEIDINDESLIGQVIKIPSPTTCASNEGVCRKCYGKLFDINKDLNIGMIAVLLLTDPLTQRLLSAKHLLETRSSKIDWGTNFEENFIVNRNLIYPKVYNGTVIIKEDDFKEDEETEEQVFDTFTLKSGNRFISISSPMRLFLNKDLKKQLDESFYNIEEMQFEIPLNKLDEGDSFATFIMDNNELSKPLREIKDLIETNKYIKDHNVNEVVNYFIYLLNESGINIQSVHSELIIREMMKLDDSDRTQFKNDKMPDYEIFRITDANLKGDSLSRSLLFEQVKKQLTTLDYDTFNKTKSSILDKLL
T1094	AR9_g105	496				MISNFRKFHGNKNQEKFNENLILNKENESILNYLDPICKTLEIIPEITYLGSSVEPINKVYKFNKEEKTSDIERSELQLIKMSFLIEKDDKKEEINKFIYFPKLIDSQYFIINGNRYYPIYQLLDSGTYRTNKALTLKTLLMPIVLREKKETFDDINGETHTMLNVDLDLFKSKVPFLIYFFSKFGFEGTLEYFGLQDLIHVLMKEDLDQLDEDEINDNVIFMITKNISLVVDKNFFSNKNNQIIIATLLNCFNTRIKIDKIYEKDYWVKKLGGYFTTNNSNKQEKGEGIILSFERILDEWTKKILRTEEKNKEDIYSVVRWMINNYLALVKQDNMNLANKRIRLYEYLLHPLLIKFSKGTYRVLNNRNSNKFEKIKTIFSNIQEGFLVKKIINNELLRYDNSVNSISLFTLILRYTQSGPQSPFSSNSTNNKLRGLHPSYLGRLGLTSTSAGDPGASGSLTPFLELPENSYMHFTEEPEINLNIDDISIDEVIES
T1095	AR9_g089	665				MDDISVIKNEDYEGSHRFLAEELLMPNANKTDGNRSTMFCSHLAQAVTLQKAEPPLVYTNFENQVGKYSTAGYRKANSNYKVIEKIYKNDYNYVLIVQDQETGEYTLFERAECEFLTEHYGFQWDNDKIDSLKKDDTIEKDTVLYKNTCYDENMNFGYGVNLNAAYFSYKNETLEDAIVISESAAKKLGTFSVNKVKVSVNTNDILLNLYGDNENYKGFPDIGEHIKNQIIASRRRFDYNTALYELKNLNEMRDSDTPFFADGKIVDIEIFSNVPEEELKVQKYNEQVLYYINKQKEFSNNVYQKLKKIVEGKDNNVSDKLLHFYNNCKMRIDENISYTYQNSKFSGFIMEFTILEEEPLNKGSKITGRYGNKGVISKILPDDQMPTVAEGRFKGLKADICLNPLGVFNRLNPSQLIEQELNWIAKFIRKDMEEAGSNEEKVSILLDFLNRVNKEETELMEEFINSLNKTELEEFLNDIIENGIPICQKPFFGNIGLDELWELYNHYDHIDYFKCEGISTPLIIGEIYMVRLKHEPHSKFSARSTSFMNLRGLPAKSKNFKEHKDLYSKTPVRIGNMEISNLSLTNEMGSIMDMLNSYSNNETNRRELIMQLLTGNPFDTNIDLSDVESGTSKILKSLFTCLGLSIDDVEEEWENKLNGKVEDEK
T1096	AR9_g226	464				MDILENYVSFDEQARDINIAFDKLFGRDDISHMNNFSINKRSYYNCLDQISDDLNLVLNKYNDLAYSLLEIRYNMATKENYTHMEFYSDIERLFIKNEKLLNVISDIVEEEYDLDLNQASKGKKINIELQVTDNLNKIYLKSSVLMRILIPILCDFNCDDDINEVLVYDIFKEVIKSFDDGKKNALNKLYKIIYSRVFETKYSDVVIWTYLKNMSTDLMIIVKDYFKVIIKKIFPKLKHNSSVISYLDVVIKQKLKYLFTFKYPISYKPLKAETTDDEELSEQERMEINLLRNDQGNSIINECSIKQEIAKIKKKYNVTDEVMKEFINGRELNSIQIYLVKIYYSNKFKVNSNKNDIFYLLYGMTRELGEMNFSIIPEILSCAIAPNVRKMNNRKKLVDKIIHSDKYSYLLKSYLPIKNILDKNNVILQLMTIKNAKFMNKENKEVDFSTDHLAEEVLDMLLCI
T1098	OsSUT1	538		RICE LEAVES		MARGSGAGGGGGGGGGGLELSVGVGGGGGARGGGGGEAAAAVETAAPISLGRLILSGMVAGGVQYGWALQLSLLTPYVQTLGLSHALTSFMWLCGPIAGMVVQPCVGLYSDRCTSKWGRRRPYILTGCVLICLAVVVIGFSADIGYAMGDTKEDCSVYHGSRWHAAIVYVLGFWLLDFSNNTVQGPARALMADLSGRHGPGTANSIFCSWMAMGNILGYSSGSTNNWHKWFPFLKTRACCEACANLKGAFLVAVIFLSLCLVITLIFAKEVPFKGNAALPTKSNEPAEPEGTGPLAVLKGFRNLPTGMPSVLIVTGLTWLSWFPFILYDTDWMGREIYHGDPKGTDPQIEAFNQGVRAGAFGLLLNSIVLGFSSFLIEPMCRKVGPRVVWVTSNFLVCIAMAATALISFWSLKDFHGTVQKAITADKSIKAVCLVLFAFLGVPLAVLYSVPFAVTAQLAATRGGGQGLCTGVLNISIVIPQVVIALGAGPWDELFGKGNIPAFGLASGFALIGGVAGIFLLPKISKRQFRSVSMGGGH
T1099	P0C6J7	262		Duck hepatitis B virus		MDINASRALANVYDLPDDFFPKIDDLVRDAKDALEPYWKSDSIKKHVLIATHFVDLIEDFWQTTQGMHEIAESLRAVIPPTTTPVPPGYLIQHEEAEEIPLGDLFKHQEERIVSFQPDYPITARIHAHLKAYAKINEESLDRARRLLWWHYNCLLWGEAQVTNYISRLRTWLSTPEKYRGRDAPTIEAITRPIQVAQGGRKTTTGTRKPRGLEPRRRKVKTTVVYGRRRSKSRERRAPTPQRAGSPLPRSSSSHHRSPSPRK
T1100	AAB89755.1	338				MKLTPQIVLIVVVASLVPLSVLGYLTIAGMTSSAEEAKQGVTTVSQEYLTKAGEEAVRMKAQDLALAVQTYIEAKMKLENKTMLTTFDLIQDPKFRSLGAQRWGAKEYTWVGAGNKVAGRDVAVILTHPAFTGQYEKYLGVDVAMLRWNETMPELYNLLLKITENPEAPKPVCGYYHWDDPETPEKEEIPKYLCHYPTTIKVYDPISKGQLWVVVGTSAYIDGYFQYLTQNPANPAENIASEISKSVEGAIQQVYYALGIAAAIAIVFVIVLAVFTTSTITRPIIELSNTADKIAEGNLEAEVPHQNRADEIGILAKSIERLRRSLKVAMESLEEALK
T1101	Alvi ASCC1	318				RVYCDDICDTLGEQIQETENGYKLELEIPSAYYKYIIGKKGETKKRLENETRTLIKIPGHGREGSVVISGHDRQGILSAKTRLDLLIESARRRQPFTHFISIPVNSQPIQDKFIEFKDDVVRFCSGDRGVDDTIFQNPHKLHLTIGTMPLLDKSEIDKAKAVLQQCKEELIAYDYIGHGGITCQLRGLEYMNDDPGEVDVLYAKIQLQDNSDRLQCLADQLVNGFCESGLMNREHDRVKLHVTVMNTLMRKDPTGAGVTVSSGNKKPIKDRESFDANNILKLYGDYDFGPYQINTIHLSQRYSTSQDGYYACEDKIDF
